,id_drug,coadmin,inter,patient,patient-inter,P(inter),P(patient-inter)
0,DB00002,329,0,32,0,0.0,0.0
1,DB00003,2493,0,125,0,0.0,0.0
2,DB00005,871,0,194,0,0.0,0.0
3,DB00006,4801,0,349,0,0.0,0.0
4,DB00007,1155,0,224,0,0.0,0.0
5,DB00008,4,0,2,0,0.0,0.0
6,DB00009,9324,16,839,16,0.001716001716001716,0.01907032181168057
7,DB00012,16878,0,908,0,0.0,0.0
8,DB00014,19,0,5,0,0.0,0.0
9,DB00016,2848,0,235,0,0.0,0.0
10,DB00017,1003,0,69,0,0.0,0.0
11,DB00019,2722,0,283,0,0.0,0.0
12,DB00020,61,0,3,0,0.0,0.0
13,DB00021,367,0,35,0,0.0,0.0
14,DB00022,12,0,2,0,0.0,0.0
15,DB00024,3,0,2,0,0.0,0.0
16,DB00025,253,0,17,0,0.0,0.0
17,DB00026,19,0,4,0,0.0,0.0
18,DB00027,0,0,0,0,,
19,DB00028,0,0,0,0,,
20,DB00030,30269,0,1925,0,0.0,0.0
21,DB00033,27,0,2,0,0.0,0.0
22,DB00035,4232,0,300,0,0.0,0.0
23,DB00036,367,0,23,0,0.0,0.0
24,DB00040,10020,0,1340,0,0.0,0.0
25,DB00041,14,0,1,0,0.0,0.0
26,DB00042,0,0,0,0,,
27,DB00043,476,0,79,0,0.0,0.0
28,DB00046,181038,6093,9109,4557,0.033655917542173466,0.5002744538368646
29,DB00047,108362,5921,6829,3548,0.05464092578579207,0.5195489822814467
30,DB00048,0,0,0,0,,
31,DB00049,421,0,33,0,0.0,0.0
32,DB00051,1725,0,355,0,0.0,0.0
33,DB00052,252,0,41,0,0.0,0.0
34,DB00054,195,0,12,0,0.0,0.0
35,DB00056,18,0,2,0,0.0,0.0
36,DB00058,26,0,5,0,0.0,0.0
37,DB00059,266,0,21,0,0.0,0.0
38,DB00060,126,0,42,0,0.0,0.0
39,DB00062,61429,0,2912,0,0.0,0.0
40,DB00063,1774,0,127,0,0.0,0.0
41,DB00065,1113,0,223,0,0.0,0.0
42,DB00066,77,0,16,0,0.0,0.0
43,DB00067,17110,0,976,0,0.0,0.0
44,DB00068,67,0,12,0,0.0,0.0
45,DB00070,1312,0,172,0,0.0,0.0
46,DB00072,986,0,91,0,0.0,0.0
47,DB00073,3257,0,252,0,0.0,0.0
48,DB00074,628,0,26,0,0.0,0.0
49,DB00076,24,0,2,0,0.0,0.0
50,DB00080,2596,0,131,0,0.0,0.0
51,DB00083,1171,0,156,0,0.0,0.0
52,DB00085,10972,0,546,0,0.0,0.0
53,DB00087,150,0,12,0,0.0,0.0
54,DB00091,2420,219,112,81,0.09049586776859504,0.7232142857142857
55,DB00098,4969,0,132,0,0.0,0.0
56,DB00099,4150,0,274,0,0.0,0.0
57,DB00100,10,0,1,0,0.0,0.0
58,DB00102,38,0,2,0,0.0,0.0
59,DB00103,10,0,3,0,0.0,0.0
60,DB00104,3876,1,250,1,0.00025799793601651185,0.004
61,DB00107,51561,1142,6900,1072,0.022148523108551036,0.15536231884057972
62,DB00108,59,0,10,0,0.0,0.0
63,DB00110,187,0,55,0,0.0,0.0
64,DB00112,1076,0,111,0,0.0,0.0
65,DB00115,66992,0,6585,0,0.0,0.0
66,DB00121,7248,0,1371,0,0.0,0.0
67,DB00125,290,0,34,0,0.0,0.0
68,DB00126,32667,0,2974,0,0.0,0.0
69,DB00130,233,0,20,0,0.0,0.0
70,DB00135,37,0,5,0,0.0,0.0
71,DB00136,14580,0,837,0,0.0,0.0
72,DB00140,988,0,152,0,0.0,0.0
73,DB00145,16,0,3,0,0.0,0.0
74,DB00151,44,0,5,0,0.0,0.0
75,DB00152,61313,0,3365,0,0.0,0.0
76,DB00153,43690,0,4539,0,0.0,0.0
77,DB00155,90,0,8,0,0.0,0.0
78,DB00158,74495,114,5192,104,0.0015303040472514934,0.020030816640986132
79,DB00159,417,0,68,0,0.0,0.0
80,DB00161,5,0,1,0,0.0,0.0
81,DB00162,2551,0,207,0,0.0,0.0
82,DB00163,7238,0,916,0,0.0,0.0
83,DB00165,6829,0,1190,0,0.0,0.0
84,DB00169,79129,0,8343,0,0.0,0.0
85,DB00175,43592,135,3910,135,0.0030968985134887136,0.034526854219948847
86,DB00176,621,36,95,26,0.057971014492753624,0.2736842105263158
87,DB00177,18090,41,2456,41,0.0022664455500276395,0.016693811074918567
88,DB00178,3749,32,478,32,0.008535609495865563,0.06694560669456066
89,DB00180,1773,0,291,0,0.0,0.0
90,DB00181,20147,0,1753,0,0.0,0.0
91,DB00182,11400,162,3240,161,0.014210526315789474,0.04969135802469136
92,DB00184,75400,0,5190,0,0.0,0.0
93,DB00185,648,0,55,0,0.0,0.0
94,DB00186,99015,163,10213,134,0.0016462152199161744,0.013120532654460003
95,DB00187,23258,1748,1475,1064,0.07515693524808668,0.7213559322033898
96,DB00188,837,0,60,0,0.0,0.0
97,DB00190,7553,0,630,0,0.0,0.0
98,DB00191,3069,58,931,57,0.018898664059954384,0.061224489795918366
99,DB00193,61500,556,7691,544,0.009040650406504066,0.07073202444415551
100,DB00195,11,0,1,0,0.0,0.0
101,DB00196,38785,1658,6540,1114,0.04274848523913884,0.17033639143730886
102,DB00198,14891,0,2320,0,0.0,0.0
103,DB00199,2551,116,227,78,0.04547236377891023,0.3436123348017621
104,DB00200,237,0,15,0,0.0,0.0
105,DB00201,19575,30,2675,30,0.0015325670498084292,0.011214953271028037
106,DB00202,148026,2800,10345,2530,0.018915595908826827,0.24456259062348962
107,DB00203,7849,51,1711,51,0.006497643011848643,0.029807130333138514
108,DB00204,1140,1,79,1,0.0008771929824561404,0.012658227848101266
109,DB00205,39,0,4,0,0.0,0.0
110,DB00206,0,0,0,0,,
111,DB00207,115123,217,16840,216,0.0018849404549916176,0.012826603325415678
112,DB00208,4,0,1,0,0.0,0.0
113,DB00209,326,20,48,14,0.06134969325153374,0.2916666666666667
114,DB00211,18867,1122,752,453,0.05946891397678486,0.6023936170212766
115,DB00213,295656,17,16278,17,5.749925589198258e-05,0.0010443543432854159
116,DB00214,28001,50,1654,48,0.001785650512481697,0.02902055622732769
117,DB00215,28517,1077,3098,861,0.03776694603219132,0.2779212395093609
118,DB00216,648,28,173,27,0.043209876543209874,0.15606936416184972
119,DB00218,13865,151,1166,134,0.010890732059141723,0.11492281303602059
120,DB00220,9,2,1,1,0.2222222222222222,1.0
121,DB00222,10245,35,1615,35,0.003416300634455832,0.021671826625386997
122,DB00223,20,0,5,0,0.0,0.0
123,DB00227,2929,62,589,55,0.02116763400477979,0.0933786078098472
124,DB00230,57620,43,3274,41,0.0007462686567164179,0.012522907758094075
125,DB00231,3139,0,389,0,0.0,0.0
126,DB00235,3660,0,144,0,0.0,0.0
127,DB00238,156,4,19,4,0.02564102564102564,0.21052631578947367
128,DB00239,0,0,0,0,,
129,DB00240,0,0,0,0,,
130,DB00241,12863,565,1808,444,0.04392443442431781,0.24557522123893805
131,DB00242,6,0,1,0,0.0,0.0
132,DB00243,5918,78,287,68,0.013180128421764109,0.23693379790940766
133,DB00244,2372,21,278,21,0.00885328836424958,0.07553956834532374
134,DB00245,4303,104,422,103,0.02416918429003021,0.24407582938388625
135,DB00246,4591,20,389,19,0.004356349379220213,0.04884318766066838
136,DB00248,288,0,61,0,0.0,0.0
137,DB00250,971,17,65,14,0.017507723995880537,0.2153846153846154
138,DB00251,0,0,0,0,,
139,DB00252,4283,508,297,198,0.11860845201961243,0.6666666666666666
140,DB00254,65769,3704,8844,1818,0.05631832626313309,0.20556309362279512
141,DB00257,935,0,140,0,0.0,0.0
142,DB00258,5444,0,359,0,0.0,0.0
143,DB00259,0,0,0,0,,
144,DB00261,177,0,12,0,0.0,0.0
145,DB00262,54,0,10,0,0.0,0.0
146,DB00264,236799,17107,16715,8927,0.07224270372763399,0.5340711935387377
147,DB00268,16080,34,1084,34,0.0021144278606965174,0.03136531365313653
148,DB00270,55,0,6,0,0.0,0.0
149,DB00271,1403,0,155,0,0.0,0.0
150,DB00273,20943,132,2408,127,0.006302821945280046,0.052740863787375414
151,DB00275,2100,0,503,0,0.0,0.0
152,DB00277,2574,12,122,12,0.004662004662004662,0.09836065573770492
153,DB00278,178,0,6,0,0.0,0.0
154,DB00279,1771,2,255,2,0.001129305477131564,0.00784313725490196
155,DB00280,2,1,2,1,0.5,0.5
156,DB00281,449865,7948,40650,6749,0.017667522478965914,0.1660270602706027
157,DB00282,361,0,42,0,0.0,0.0
158,DB00283,37,0,6,0,0.0,0.0
159,DB00284,412,1,64,1,0.0024271844660194173,0.015625
160,DB00285,23527,88,2538,88,0.003740383389297403,0.03467297084318361
161,DB00286,1312,13,209,13,0.009908536585365854,0.06220095693779904
162,DB00287,0,0,0,0,,
163,DB00288,0,0,0,0,,
164,DB00289,1368,35,298,33,0.025584795321637425,0.11073825503355705
165,DB00290,322,0,30,0,0.0,0.0
166,DB00291,4,0,2,0,0.0,0.0
167,DB00292,57522,0,2876,0,0.0,0.0
168,DB00294,6198,0,1712,0,0.0,0.0
169,DB00295,186388,20,19903,20,0.00010730304526042449,0.0010048736371401296
170,DB00296,43616,0,3589,0,0.0,0.0
171,DB00297,218285,0,21007,0,0.0,0.0
172,DB00300,8585,27,1266,27,0.0031450203843913804,0.02132701421800948
173,DB00302,30741,0,1879,0,0.0,0.0
174,DB00303,448,0,39,0,0.0,0.0
175,DB00304,1773,1,733,1,0.0005640157924421884,0.001364256480218281
176,DB00305,202,0,30,0,0.0,0.0
177,DB00307,15,0,4,0,0.0,0.0
178,DB00308,93,0,9,0,0.0,0.0
179,DB00310,9290,3,1385,3,0.00032292787944025834,0.0021660649819494585
180,DB00312,90,1,9,1,0.011111111111111112,0.1111111111111111
181,DB00313,16124,553,1331,450,0.03429670057057802,0.33809166040571
182,DB00316,727936,861,88877,859,0.0011827962897837173,0.009665042699461054
183,DB00317,4,0,2,0,0.0,0.0
184,DB00318,15311,0,3701,0,0.0,0.0
185,DB00319,126141,2821,6091,2144,0.02236386266162469,0.35199474634706945
186,DB00320,305,12,26,10,0.03934426229508197,0.38461538461538464
187,DB00321,22783,988,2424,674,0.043365667383575474,0.27805280528052806
188,DB00322,6,0,1,0,0.0,0.0
189,DB00324,0,0,0,0,,
190,DB00325,556,0,37,0,0.0,0.0
191,DB00327,166176,7,14667,7,4.212401309455036e-05,0.0004772618804118088
192,DB00328,6922,200,1014,156,0.02889338341519792,0.15384615384615385
193,DB00330,816,0,60,0,0.0,0.0
194,DB00331,83311,7,13196,7,8.402251803483334e-05,0.0005304637769020915
195,DB00332,54335,6,5572,6,0.00011042606055028987,0.0010768126346015793
196,DB00333,9650,14,551,12,0.001450777202072539,0.021778584392014518
197,DB00334,18354,54,1500,53,0.002942137953579601,0.035333333333333335
198,DB00335,18952,1154,2242,702,0.06089067116926974,0.31311329170383584
199,DB00337,0,0,0,0,,
200,DB00338,74652,1163,12119,1101,0.015578953008626694,0.09084907995709217
201,DB00339,283,0,18,0,0.0,0.0
202,DB00341,46572,1,7694,1,2.1472129176329125e-05,0.00012997140629061605
203,DB00343,38292,3039,2812,1758,0.07936383578815419,0.6251778093883357
204,DB00344,129,2,12,2,0.015503875968992248,0.16666666666666666
205,DB00346,275,0,49,0,0.0,0.0
206,DB00349,1073,0,85,0,0.0,0.0
207,DB00350,3451,0,226,0,0.0,0.0
208,DB00351,3070,1,195,1,0.0003257328990228013,0.005128205128205128
209,DB00352,97,0,13,0,0.0,0.0
210,DB00353,5235,131,548,118,0.025023877745940785,0.21532846715328466
211,DB00355,3822,21,230,21,0.005494505494505495,0.09130434782608696
212,DB00356,419,0,89,0,0.0,0.0
213,DB00358,63,0,24,0,0.0,0.0
214,DB00359,191,3,15,3,0.015706806282722512,0.2
215,DB00361,59,0,8,0,0.0,0.0
216,DB00363,1025,91,94,62,0.08878048780487804,0.6595744680851063
217,DB00364,11536,165,1063,149,0.014303051317614425,0.14016933207902163
218,DB00366,1871,0,643,0,0.0,0.0
219,DB00367,9812,10,3245,10,0.0010191602119853241,0.0030816640986132513
220,DB00368,15030,70,833,68,0.004657351962741184,0.08163265306122448
221,DB00369,127,0,7,0,0.0,0.0
222,DB00370,32459,197,2354,188,0.006069194984441912,0.07986406117247238
223,DB00371,27,0,2,0,0.0,0.0
224,DB00373,4259,170,374,110,0.03991547311575487,0.29411764705882354
225,DB00374,259,0,22,0,0.0,0.0
226,DB00375,1327,19,139,18,0.014318010550113038,0.12949640287769784
227,DB00376,1095,11,83,11,0.01004566210045662,0.13253012048192772
228,DB00377,9381,0,813,0,0.0,0.0
229,DB00379,974,0,39,0,0.0,0.0
230,DB00380,451,0,31,0,0.0,0.0
231,DB00381,186394,154,18110,154,0.0008262068521518933,0.008503589177250139
232,DB00384,15354,638,2787,628,0.041552689852807086,0.2253318980983136
233,DB00388,177409,1296,10548,1231,0.007305153628057201,0.11670458854759196
234,DB00390,16084,1360,896,676,0.08455608057697091,0.7544642857142857
235,DB00393,1351,0,51,0,0.0,0.0
236,DB00394,7036,0,1087,0,0.0,0.0
237,DB00395,945,0,123,0,0.0,0.0
238,DB00396,1502,0,439,0,0.0,0.0
239,DB00398,114,0,13,0,0.0,0.0
240,DB00399,1401,0,269,0,0.0,0.0
241,DB00400,322,2,149,2,0.006211180124223602,0.013422818791946308
242,DB00401,119,0,15,0,0.0,0.0
243,DB00402,1663,0,289,0,0.0,0.0
244,DB00404,32487,422,4276,395,0.01298981130913904,0.09237605238540693
245,DB00406,0,0,0,0,,
246,DB00408,446,0,28,0,0.0,0.0
247,DB00410,0,0,0,0,,
248,DB00411,0,0,0,0,,
249,DB00412,43,0,6,0,0.0,0.0
250,DB00413,7358,1,522,1,0.0001359064963305246,0.0019157088122605363
251,DB00415,63444,303,5078,288,0.004775865330054851,0.05671524222134699
252,DB00417,3848,14,1000,14,0.0036382536382536385,0.014
253,DB00421,43723,1615,3979,1469,0.03693708117009354,0.3691882382508168
254,DB00422,6649,6,1432,6,0.0009023913370431644,0.004189944134078212
255,DB00423,5183,0,848,0,0.0,0.0
256,DB00424,4052,29,669,29,0.007156959526159921,0.043348281016442454
257,DB00425,18974,0,2689,0,0.0,0.0
258,DB00426,373,0,78,0,0.0,0.0
259,DB00427,15,1,5,1,0.06666666666666667,0.2
260,DB00429,3089,0,291,0,0.0,0.0
261,DB00432,0,0,0,0,,
262,DB00433,30357,35,5241,27,0.001152946602101657,0.005151688609044075
263,DB00434,1914,11,253,11,0.005747126436781609,0.043478260869565216
264,DB00437,35443,161,2675,160,0.004542504866969501,0.059813084112149535
265,DB00438,1631,15,82,14,0.009196811771919068,0.17073170731707318
266,DB00440,71016,80,11182,75,0.001126506702714881,0.0067072080128778395
267,DB00441,1440,32,149,32,0.022222222222222223,0.21476510067114093
268,DB00442,823,0,42,0,0.0,0.0
269,DB00443,6583,74,910,69,0.011241075497493544,0.07582417582417582
270,DB00444,10,0,1,0,0.0,0.0
271,DB00448,35528,40,2190,40,0.001125872551227201,0.0182648401826484
272,DB00451,131246,1448,11769,1277,0.011032717187571432,0.10850539553063132
273,DB00454,12918,7,1121,7,0.0005418795479176343,0.006244424620874219
274,DB00455,49223,3,6642,3,6.094711821709364e-05,0.00045167118337850043
275,DB00457,4810,97,461,84,0.020166320166320167,0.1822125813449024
276,DB00458,453,18,52,16,0.039735099337748346,0.3076923076923077
277,DB00459,71,0,16,0,0.0,0.0
278,DB00461,3439,14,807,13,0.004070950857807502,0.0161090458488228
279,DB00464,307,0,38,0,0.0,0.0
280,DB00465,275950,2074,30521,2033,0.007515854321435042,0.06660987516791717
281,DB00468,42,0,9,0,0.0,0.0
282,DB00470,3609,1,223,1,0.0002770850651149903,0.004484304932735426
283,DB00471,46259,0,5814,0,0.0,0.0
284,DB00472,38487,1873,4817,1369,0.048665783251487515,0.2842017853435748
285,DB00474,109,5,12,4,0.045871559633027525,0.3333333333333333
286,DB00475,10995,41,801,39,0.003728967712596635,0.04868913857677903
287,DB00476,57996,388,4908,375,0.0066901165597627425,0.07640586797066015
288,DB00477,1211,10,106,9,0.008257638315441783,0.08490566037735849
289,DB00479,484,13,26,11,0.026859504132231406,0.4230769230769231
290,DB00480,725,0,99,0,0.0,0.0
291,DB00481,1887,67,308,67,0.03550609432962374,0.21753246753246752
292,DB00482,32174,54,2229,54,0.001678373842232859,0.024226110363391656
293,DB00484,0,0,0,0,,
294,DB00485,353,0,69,0,0.0,0.0
295,DB00489,3286,43,254,37,0.013085818624467437,0.14566929133858267
296,DB00490,27583,95,2677,92,0.0034441503824819636,0.03436682853940979
297,DB00491,9,0,1,0,0.0,0.0
298,DB00492,159,2,37,2,0.012578616352201259,0.05405405405405406
299,DB00493,914,13,161,13,0.014223194748358862,0.08074534161490683
300,DB00494,576,3,47,2,0.005208333333333333,0.0425531914893617
301,DB00495,711,3,70,2,0.004219409282700422,0.02857142857142857
302,DB00496,198,0,15,0,0.0,0.0
303,DB00497,204136,1509,16567,1481,0.007392130736371831,0.08939457958592383
304,DB00500,3,0,1,0,0.0,0.0
305,DB00501,523,68,97,42,0.13001912045889102,0.4329896907216495
306,DB00502,33207,561,3799,494,0.016894028367512873,0.13003421953145564
307,DB00503,1644,118,133,71,0.07177615571776155,0.5338345864661654
308,DB00507,173,0,19,0,0.0,0.0
309,DB00512,166443,0,8376,0,0.0,0.0
310,DB00513,12098,0,462,0,0.0,0.0
311,DB00514,11635,61,1649,57,0.005242801890846583,0.03456640388114009
312,DB00515,1793,19,150,19,0.010596765197992191,0.12666666666666668
313,DB00518,150,0,37,0,0.0,0.0
314,DB00519,173,2,36,2,0.011560693641618497,0.05555555555555555
315,DB00521,0,0,0,0,,
316,DB00524,5668,21,374,21,0.003705010585744531,0.05614973262032086
317,DB00525,0,0,0,0,,
318,DB00526,1909,0,151,0,0.0,0.0
319,DB00527,37,0,8,0,0.0,0.0
320,DB00529,220,1,6,1,0.004545454545454545,0.16666666666666666
321,DB00530,61,0,6,0,0.0,0.0
322,DB00531,3398,19,239,18,0.005591524426133019,0.07531380753138076
323,DB00535,9993,0,2104,0,0.0,0.0
324,DB00537,63803,762,8669,663,0.011943012084071282,0.07647940938977968
325,DB00540,5020,206,551,150,0.041035856573705176,0.27223230490018147
326,DB00541,2305,52,127,45,0.022559652928416486,0.3543307086614173
327,DB00542,6291,90,1358,89,0.01430615164520744,0.06553755522827688
328,DB00543,10,0,4,0,0.0,0.0
329,DB00544,2200,2,168,2,0.0009090909090909091,0.011904761904761904
330,DB00545,1720,60,114,44,0.03488372093023256,0.38596491228070173
331,DB00547,0,0,0,0,,
332,DB00548,0,0,0,0,,
333,DB00549,279,0,24,0,0.0,0.0
334,DB00550,100,0,15,0,0.0,0.0
335,DB00552,6,0,1,0,0.0,0.0
336,DB00553,7,0,2,0,0.0,0.0
337,DB00554,269,6,52,6,0.022304832713754646,0.11538461538461539
338,DB00555,17974,178,1990,157,0.009903193501724713,0.07889447236180905
339,DB00556,29852,0,2686,0,0.0,0.0
340,DB00557,48997,23,6530,23,0.00046941649488744207,0.003522205206738132
341,DB00558,35,0,2,0,0.0,0.0
342,DB00559,68,1,5,1,0.014705882352941176,0.2
343,DB00560,366,1,14,1,0.00273224043715847,0.07142857142857142
344,DB00561,1624,0,118,0,0.0,0.0
345,DB00563,8080,739,1166,465,0.09146039603960396,0.39879931389365353
346,DB00564,4048,412,386,241,0.10177865612648221,0.6243523316062176
347,DB00565,28105,0,1888,0,0.0,0.0
348,DB00567,97949,3,16864,3,3.062818405496738e-05,0.00017789373814041745
349,DB00569,1138,0,64,0,0.0,0.0
350,DB00570,163,2,12,1,0.012269938650306749,0.08333333333333333
351,DB00571,16841,1439,1916,880,0.08544623240900184,0.4592901878914405
352,DB00572,35472,52,3372,52,0.0014659449706811007,0.01542111506524318
353,DB00575,38012,1427,3586,1122,0.037540776596864146,0.3128834355828221
354,DB00577,11390,0,2227,0,0.0,0.0
355,DB00581,42199,0,2335,0,0.0,0.0
356,DB00582,2859,101,96,56,0.035327037425673315,0.5833333333333334
357,DB00583,4403,0,231,0,0.0,0.0
358,DB00584,1976,20,266,20,0.010121457489878543,0.07518796992481203
359,DB00585,110,0,27,0,0.0,0.0
360,DB00586,13375,44,3353,43,0.0032897196261682245,0.012824336415150612
361,DB00588,183138,0,21067,0,0.0,0.0
362,DB00590,11389,11,847,11,0.0009658442356659935,0.012987012987012988
363,DB00593,261,0,37,0,0.0,0.0
364,DB00594,1224,53,160,53,0.04330065359477124,0.33125
365,DB00596,0,0,0,0,,
366,DB00598,42134,2561,3120,1743,0.06078226610338444,0.5586538461538462
367,DB00601,2929,87,156,59,0.0297029702970297,0.3782051282051282
368,DB00602,299,0,38,0,0.0,0.0
369,DB00603,7937,18,1972,17,0.0022678593927176515,0.008620689655172414
370,DB00605,539,3,120,3,0.0055658627087198514,0.025
371,DB00607,1520,1,86,1,0.0006578947368421052,0.011627906976744186
372,DB00608,72,0,17,0,0.0,0.0
373,DB00611,455,0,76,0,0.0,0.0
374,DB00612,1049,43,220,33,0.04099142040038131,0.15
375,DB00615,77,7,10,5,0.09090909090909091,0.5
376,DB00618,499,31,25,15,0.06212424849699399,0.6
377,DB00619,287,18,25,13,0.0627177700348432,0.52
378,DB00620,21267,411,2663,383,0.01932571589786994,0.1438227562898986
379,DB00621,311,0,9,0,0.0,0.0
380,DB00622,5854,1,324,1,0.00017082336863682952,0.0030864197530864196
381,DB00623,644,0,53,0,0.0,0.0
382,DB00624,4434,11,962,11,0.002480829950383401,0.011434511434511435
383,DB00625,679,17,87,14,0.025036818851251842,0.16091954022988506
384,DB00626,70349,0,4584,0,0.0,0.0
385,DB00627,4245,5,380,5,0.001177856301531213,0.013157894736842105
386,DB00628,173,1,26,1,0.005780346820809248,0.038461538461538464
387,DB00630,8082,254,1353,234,0.031427864390002475,0.1729490022172949
388,DB00631,65,0,5,0,0.0,0.0
389,DB00632,0,0,0,0,,
390,DB00633,19088,0,1032,0,0.0,0.0
391,DB00634,0,0,0,0,,
392,DB00635,140868,3133,17786,2734,0.022240679217423405,0.15371640616215002
393,DB00640,10249,1,695,1,9.757049468240804e-05,0.0014388489208633094
394,DB00641,23363,260,4427,247,0.011128707785815178,0.055793991416309016
395,DB00642,757,0,71,0,0.0,0.0
396,DB00643,12,0,6,0,0.0,0.0
397,DB00646,20815,0,1818,0,0.0,0.0
398,DB00649,48,0,1,0,0.0,0.0
399,DB00650,2699,10,197,10,0.003705075954057058,0.050761421319796954
400,DB00652,59,0,6,0,0.0,0.0
401,DB00653,126421,2,7862,2,1.5820156461347402e-05,0.0002543881963876876
402,DB00654,0,0,0,0,,
403,DB00656,78994,378,7560,364,0.004785173557485378,0.04814814814814815
404,DB00658,18581,45,763,44,0.002421828749798181,0.057667103538663174
405,DB00659,156,0,19,0,0.0,0.0
406,DB00660,1026,0,229,0,0.0,0.0
407,DB00661,28232,3757,2574,2076,0.1330759421932559,0.8065268065268065
408,DB00662,666,53,60,34,0.07957957957957958,0.5666666666666667
409,DB00668,220921,3425,20871,2985,0.015503279452836081,0.14302141727756218
410,DB00669,9793,217,2207,216,0.02215868477483917,0.0978704123244223
411,DB00671,412,0,89,0,0.0,0.0
412,DB00672,1,0,1,0,0.0,0.0
413,DB00673,3180,216,192,123,0.06792452830188679,0.640625
414,DB00674,199,12,14,7,0.06030150753768844,0.5
415,DB00675,953,0,154,0,0.0,0.0
416,DB00678,82185,742,10132,734,0.009028411510616292,0.07244374259771022
417,DB00679,39,0,6,0,0.0,0.0
418,DB00681,2133,1,63,1,0.00046882325363338024,0.015873015873015872
419,DB00682,35771,4805,2430,1714,0.13432668921752258,0.7053497942386832
420,DB00683,326927,3123,24240,2927,0.009552591251257927,0.12075082508250826
421,DB00684,14535,570,820,364,0.0392156862745098,0.44390243902439025
422,DB00686,505,0,41,0,0.0,0.0
423,DB00687,5059,191,337,141,0.03775449693615339,0.41839762611275966
424,DB00688,14760,521,675,373,0.03529810298102981,0.5525925925925926
425,DB00691,105,0,22,0,0.0,0.0
426,DB00692,177,0,15,0,0.0,0.0
427,DB00693,596,0,40,0,0.0,0.0
428,DB00694,293,0,16,0,0.0,0.0
429,DB00695,186402,1230,11176,1152,0.006598641645475907,0.10307802433786686
430,DB00696,11,0,4,0,0.0,0.0
431,DB00697,16444,266,2111,253,0.01617611286791535,0.11984841307437233
432,DB00698,19283,0,3456,0,0.0,0.0
433,DB00700,803,3,83,3,0.0037359900373599006,0.03614457831325301
434,DB00703,81,1,7,1,0.012345679012345678,0.14285714285714285
435,DB00704,1520,30,271,23,0.019736842105263157,0.08487084870848709
436,DB00706,73046,0,5487,0,0.0,0.0
437,DB00708,8085,0,298,0,0.0,0.0
438,DB00709,4355,5,448,5,0.001148105625717566,0.011160714285714286
439,DB00710,481,8,91,7,0.016632016632016633,0.07692307692307693
440,DB00712,0,0,0,0,,
441,DB00713,81,0,6,0,0.0,0.0
442,DB00714,11,0,3,0,0.0,0.0
443,DB00715,14078,619,1512,470,0.04396931382298622,0.31084656084656087
444,DB00717,9484,40,4193,40,0.004217629692113032,0.009539709038874314
445,DB00722,174641,1361,20178,1329,0.007793129906493893,0.06586381207255426
446,DB00724,0,0,0,0,,
447,DB00726,2,0,2,0,0.0,0.0
448,DB00727,87136,54,7356,53,0.0006197208960705105,0.007205002718868951
449,DB00728,243954,2537,13881,2330,0.010399501545373308,0.16785534183416181
450,DB00731,149,0,27,0,0.0,0.0
451,DB00734,9253,207,1003,192,0.022371122879066247,0.1914257228315055
452,DB00736,15667,2,2457,2,0.00012765685836471565,0.000814000814000814
453,DB00737,11659,12,2341,12,0.001029247791405781,0.0051260145237078175
454,DB00738,1404,0,77,0,0.0,0.0
455,DB00740,95,0,11,0,0.0,0.0
456,DB00741,40383,728,3586,594,0.018027387762177154,0.1656441717791411
457,DB00742,19542,0,772,0,0.0,0.0
458,DB00744,7,0,2,0,0.0,0.0
459,DB00745,3194,3,324,3,0.000939261114589856,0.009259259259259259
460,DB00746,23,0,3,0,0.0,0.0
461,DB00747,40359,95,3192,95,0.0023538739810203425,0.02976190476190476
462,DB00749,1724,15,459,15,0.008700696055684454,0.032679738562091505
463,DB00750,0,0,0,0,,
464,DB00751,0,0,0,0,,
465,DB00752,28,0,3,0,0.0,0.0
466,DB00755,172,0,18,0,0.0,0.0
467,DB00757,18,0,1,0,0.0,0.0
468,DB00758,72674,0,4556,0,0.0,0.0
469,DB00759,487,62,76,46,0.1273100616016427,0.6052631578947368
470,DB00760,21338,25,955,25,0.001171618708407536,0.02617801047120419
471,DB00761,318885,17,22136,17,5.3310754660771126e-05,0.0007679797614745211
472,DB00762,1362,5,103,5,0.003671071953010279,0.04854368932038835
473,DB00763,3229,22,316,21,0.006813254877671105,0.06645569620253164
474,DB00764,7470,0,1485,0,0.0,0.0
475,DB00766,81716,477,15159,477,0.005837290126780557,0.03146645557094795
476,DB00768,0,0,0,0,,
477,DB00770,102,0,15,0,0.0,0.0
478,DB00771,159,1,35,1,0.006289308176100629,0.02857142857142857
479,DB00772,0,0,0,0,,
480,DB00773,2253,32,139,32,0.014203284509542832,0.2302158273381295
481,DB00776,5446,20,544,20,0.003672420124862284,0.03676470588235294
482,DB00780,30,2,7,2,0.06666666666666667,0.2857142857142857
483,DB00781,11803,0,1660,0,0.0,0.0
484,DB00782,11,0,2,0,0.0,0.0
485,DB00783,5356,49,1176,45,0.009148618371919343,0.03826530612244898
486,DB00787,23160,1,2629,1,4.317789291882556e-05,0.0003803727653100038
487,DB00788,70383,122,15457,120,0.0017333731156671355,0.007763472860192793
488,DB00790,16,0,5,0,0.0,0.0
489,DB00794,4349,253,300,149,0.05817429294090595,0.49666666666666665
490,DB00795,2006,9,233,8,0.00448654037886341,0.034334763948497854
491,DB00796,443,5,96,5,0.011286681715575621,0.052083333333333336
492,DB00798,24099,1080,2523,798,0.044815137557575005,0.3162901307966706
493,DB00802,768,0,112,0,0.0,0.0
494,DB00803,0,0,0,0,,
495,DB00804,22539,159,3290,158,0.007054438972447757,0.04802431610942249
496,DB00806,1216,7,78,7,0.005756578947368421,0.08974358974358974
497,DB00807,0,0,0,0,,
498,DB00808,669,0,135,0,0.0,0.0
499,DB00809,0,0,0,0,,
500,DB00811,677,0,56,0,0.0,0.0
501,DB00813,519364,1146,42152,1106,0.0022065449280273567,0.026238375403302334
502,DB00814,18116,16,4313,16,0.0008831971737690439,0.003709714815673545
503,DB00816,16,0,4,0,0.0,0.0
504,DB00818,398961,0,30041,0,0.0,0.0
505,DB00819,8073,160,683,158,0.01981915025393286,0.23133235724743778
506,DB00820,3756,30,886,30,0.007987220447284345,0.033860045146726865
507,DB00822,186,3,37,3,0.016129032258064516,0.08108108108108109
508,DB00825,0,0,0,0,,
509,DB00828,6241,0,554,0,0.0,0.0
510,DB00829,58889,272,7041,256,0.004618859209699604,0.036358471807981824
511,DB00831,102,0,10,0,0.0,0.0
512,DB00833,65,0,21,0,0.0,0.0
513,DB00835,363,0,86,0,0.0,0.0
514,DB00836,14887,0,1610,0,0.0,0.0
515,DB00838,0,0,0,0,,
516,DB00841,10665,36,1196,36,0.0033755274261603376,0.030100334448160536
517,DB00842,158,0,20,0,0.0,0.0
518,DB00843,11116,733,966,463,0.06594098596617488,0.47929606625258797
519,DB00844,34217,0,2935,0,0.0,0.0
520,DB00846,0,0,0,0,,
521,DB00850,359,0,29,0,0.0,0.0
522,DB00851,151,0,10,0,0.0,0.0
523,DB00852,6912,15,1786,13,0.002170138888888889,0.007278835386338186
524,DB00853,150,0,34,0,0.0,0.0
525,DB00854,9,0,1,0,0.0,0.0
526,DB00857,2479,11,650,11,0.004437273093989512,0.016923076923076923
527,DB00859,6,0,4,0,0.0,0.0
528,DB00860,11400,43,3008,40,0.0037719298245614034,0.013297872340425532
529,DB00863,33225,38,6080,38,0.001143717080511663,0.00625
530,DB00864,21935,707,807,490,0.03223159334397082,0.6071871127633209
531,DB00868,33732,0,6736,0,0.0,0.0
532,DB00869,4110,0,337,0,0.0,0.0
533,DB00871,4896,30,685,30,0.006127450980392157,0.043795620437956206
534,DB00873,0,0,0,0,,
535,DB00874,68321,0,7237,0,0.0,0.0
536,DB00877,4697,11,206,11,0.00234192037470726,0.05339805825242718
537,DB00878,0,0,0,0,,
538,DB00879,10990,6,1621,6,0.000545950864422202,0.003701418877236274
539,DB00880,3780,19,201,19,0.0050264550264550265,0.0945273631840796
540,DB00881,907,10,148,10,0.011025358324145534,0.06756756756756757
541,DB00882,261,1,118,1,0.0038314176245210726,0.00847457627118644
542,DB00883,11836,1,618,1,8.448800270361608e-05,0.0016181229773462784
543,DB00884,346,3,70,3,0.008670520231213872,0.04285714285714286
544,DB00887,1912,7,114,7,0.0036610878661087866,0.06140350877192982
545,DB00888,3,0,1,0,0.0,0.0
546,DB00889,7575,0,472,0,0.0,0.0
547,DB00893,998,9,169,9,0.009018036072144289,0.05325443786982249
548,DB00897,383,8,44,8,0.020887728459530026,0.18181818181818182
549,DB00898,890,0,68,0,0.0,0.0
550,DB00899,1728,0,156,0,0.0,0.0
551,DB00900,13,0,2,0,0.0,0.0
552,DB00903,105,1,11,1,0.009523809523809525,0.09090909090909091
553,DB00904,587795,0,57810,0,0.0,0.0
554,DB00905,0,0,0,0,,
555,DB00906,129,0,8,0,0.0,0.0
556,DB00907,0,0,0,0,,
557,DB00908,367,41,37,33,0.11171662125340599,0.8918918918918919
558,DB00909,2431,0,248,0,0.0,0.0
559,DB00910,574,0,81,0,0.0,0.0
560,DB00911,442,0,237,0,0.0,0.0
561,DB00912,323,13,47,13,0.04024767801857585,0.2765957446808511
562,DB00915,4137,42,325,32,0.01015228426395939,0.09846153846153846
563,DB00916,61295,178,8034,171,0.0029039889061097967,0.02128454070201643
564,DB00917,0,0,0,0,,
565,DB00918,77,2,21,2,0.025974025974025976,0.09523809523809523
566,DB00920,0,0,0,0,,
567,DB00921,6213,0,601,0,0.0,0.0
568,DB00924,57357,18,11657,18,0.00031382394476698575,0.0015441365703011067
569,DB00925,22,0,1,0,0.0,0.0
570,DB00927,189186,13,13480,13,6.871544406034273e-05,0.0009643916913946587
571,DB00928,267,0,27,0,0.0,0.0
572,DB00929,18876,0,2316,0,0.0,0.0
573,DB00930,814,0,123,0,0.0,0.0
574,DB00935,19649,0,2341,0,0.0,0.0
575,DB00936,0,0,0,0,,
576,DB00938,42495,780,4513,726,0.018355100600070597,0.16086860181697318
577,DB00939,15,0,4,0,0.0,0.0
578,DB00945,338801,23915,25115,12385,0.07058715883365162,0.4931315946645431
579,DB00947,253,0,43,0,0.0,0.0
580,DB00949,313,8,16,6,0.025559105431309903,0.375
581,DB00950,8299,0,1924,0,0.0,0.0
582,DB00951,793,18,80,16,0.02269861286254729,0.2
583,DB00952,354,7,85,7,0.01977401129943503,0.08235294117647059
584,DB00953,2476,87,709,83,0.035137318255250405,0.11706629055007052
585,DB00956,384381,22,47149,22,5.723487893522313e-05,0.00046660586650830346
586,DB00957,7625,0,3500,0,0.0,0.0
587,DB00958,3676,0,308,0,0.0,0.0
588,DB00959,77233,1237,9561,1161,0.01601646964380511,0.12143081267649827
589,DB00960,94,10,20,8,0.10638297872340426,0.4
590,DB00961,2121,0,181,0,0.0,0.0
591,DB00962,267,0,61,0,0.0,0.0
592,DB00963,0,0,0,0,,
593,DB00964,61,0,11,0,0.0,0.0
594,DB00966,570,7,113,7,0.012280701754385965,0.061946902654867256
595,DB00967,456,0,88,0,0.0,0.0
596,DB00968,221,10,34,6,0.04524886877828054,0.17647058823529413
597,DB00970,107,0,8,0,0.0,0.0
598,DB00971,0,0,0,0,,
599,DB00972,3392,0,683,0,0.0,0.0
600,DB00973,11154,4,1111,4,0.00035861574323112785,0.0036003600360036
601,DB00975,1057,0,89,0,0.0,0.0
602,DB00977,24405,716,11229,536,0.02933825035853309,0.047733547065633625
603,DB00979,0,0,0,0,,
604,DB00980,341,0,57,0,0.0,0.0
605,DB00981,88,0,12,0,0.0,0.0
606,DB00982,149,2,62,2,0.013422818791946308,0.03225806451612903
607,DB00983,18435,321,2766,313,0.01741253051261188,0.11315979754157629
608,DB00985,102,0,25,0,0.0,0.0
609,DB00986,110094,71,6789,71,0.0006449034461460207,0.010458093975548682
610,DB00987,1420,0,75,0,0.0,0.0
611,DB00988,8318,45,451,45,0.005409954315941332,0.09977827050997783
612,DB00989,1819,98,141,64,0.05387575590984057,0.45390070921985815
613,DB00990,494,0,63,0,0.0,0.0
614,DB00991,147,3,39,2,0.02040816326530612,0.05128205128205128
615,DB00993,4374,33,358,31,0.0075445816186556925,0.08659217877094973
616,DB00994,5164,11,1375,11,0.0021301316808675446,0.008
617,DB00995,8,0,1,0,0.0,0.0
618,DB00996,198704,43,13805,39,0.00021640228681858443,0.002825063382832307
619,DB00997,2869,0,206,0,0.0,0.0
620,DB00998,69,2,24,2,0.028985507246376812,0.08333333333333333
621,DB00999,112320,55,18993,54,0.0004896723646723647,0.002843152740483336
622,DB01001,231905,4741,29383,4153,0.020443716176882776,0.14134023074566926
623,DB01003,464,0,32,0,0.0,0.0
624,DB01004,1344,2,38,2,0.001488095238095238,0.05263157894736842
625,DB01005,4130,0,289,0,0.0,0.0
626,DB01006,1196,0,188,0,0.0,0.0
627,DB01008,169,0,8,0,0.0,0.0
628,DB01010,3457,193,236,187,0.05582875325426671,0.7923728813559322
629,DB01012,9300,3,436,3,0.0003225806451612903,0.006880733944954129
630,DB01013,0,0,0,0,,
631,DB01014,248,0,36,0,0.0,0.0
632,DB01015,70372,77,11108,75,0.0010941851872903997,0.006751890529348217
633,DB01016,1544,105,262,88,0.06800518134715026,0.33587786259541985
634,DB01017,1775,96,298,66,0.054084507042253524,0.2214765100671141
635,DB01018,3008,0,668,0,0.0,0.0
636,DB01019,2391,0,119,0,0.0,0.0
637,DB01020,30100,1,1735,1,3.322259136212625e-05,0.0005763688760806917
638,DB01022,18227,0,2471,0,0.0,0.0
639,DB01023,805,0,164,0,0.0,0.0
640,DB01024,7341,69,257,69,0.00939926440539436,0.26848249027237353
641,DB01026,277,37,58,20,0.13357400722021662,0.3448275862068966
642,DB01029,3041,38,663,38,0.012495889510029596,0.05731523378582202
643,DB01030,138,0,15,0,0.0,0.0
644,DB01032,660,36,51,20,0.05454545454545454,0.39215686274509803
645,DB01033,744,8,73,8,0.010752688172043012,0.1095890410958904
646,DB01035,60,0,9,0,0.0,0.0
647,DB01036,10047,39,677,37,0.003881755747984473,0.05465288035450517
648,DB01037,249,0,29,0,0.0,0.0
649,DB01039,13640,748,1339,691,0.054838709677419356,0.5160567587752054
650,DB01041,4,0,1,0,0.0,0.0
651,DB01042,355,0,38,0,0.0,0.0
652,DB01043,7398,32,619,31,0.004325493376588267,0.050080775444264945
653,DB01044,0,0,0,0,,
654,DB01045,1422,175,131,72,0.12306610407876231,0.549618320610687
655,DB01046,3497,0,299,0,0.0,0.0
656,DB01047,0,0,0,0,,
657,DB01048,3592,90,398,59,0.02505567928730512,0.14824120603015076
658,DB01050,202282,2848,46718,2292,0.014079354564419968,0.04906031936298643
659,DB01053,11342,6,1542,6,0.0005290072297654734,0.0038910505836575876
660,DB01058,13,0,4,0,0.0,0.0
661,DB01060,113346,635,25344,634,0.005602315035378399,0.025015782828282828
662,DB01062,23950,37,2070,37,0.001544885177453027,0.017874396135265702
663,DB01064,595,21,86,19,0.03529411764705882,0.22093023255813954
664,DB01065,56291,30,4716,30,0.0005329448757350198,0.006361323155216285
665,DB01067,17866,1233,2758,976,0.06901376917049144,0.3538796229151559
666,DB01068,30906,358,3523,339,0.011583511292305702,0.09622480840193018
667,DB01069,116654,166,11256,136,0.0014230116412639086,0.012082444918265814
668,DB01072,377,79,41,38,0.20954907161803712,0.926829268292683
669,DB01073,173,0,13,0,0.0,0.0
670,DB01075,142626,34,17860,34,0.00023838570807566643,0.0019036954087346025
671,DB01076,306348,3421,24675,3125,0.011167038792484364,0.12664640324214793
672,DB01080,129,2,6,1,0.015503875968992248,0.16666666666666666
673,DB01081,6370,5,715,5,0.0007849293563579278,0.006993006993006993
674,DB01083,71,0,19,0,0.0,0.0
675,DB01085,2250,0,182,0,0.0,0.0
676,DB01086,46,0,3,0,0.0,0.0
677,DB01087,46,0,3,0,0.0,0.0
678,DB01088,21,0,2,0,0.0,0.0
679,DB01093,217,0,21,0,0.0,0.0
680,DB01095,87,3,19,3,0.034482758620689655,0.15789473684210525
681,DB01097,2038,3,206,3,0.0014720314033366045,0.014563106796116505
682,DB01098,13266,100,2190,99,0.007538067239559777,0.045205479452054796
683,DB01099,204,0,7,0,0.0,0.0
684,DB01101,571,1,86,1,0.0017513134851138354,0.011627906976744186
685,DB01104,64368,1959,7109,1646,0.030434377330350485,0.23153748769165847
686,DB01109,268901,5685,13637,5685,0.021141609737412654,0.41688054557453985
687,DB01110,0,0,0,0,,
688,DB01111,1016,0,31,0,0.0,0.0
689,DB01112,17230,11,1301,11,0.0006384213580963436,0.008455034588777863
690,DB01113,6230,0,370,0,0.0,0.0
691,DB01114,6847,3,1125,3,0.00043814809405579085,0.0026666666666666666
692,DB01115,14018,96,1390,88,0.006848337851333999,0.06330935251798561
693,DB01117,1898,3,482,3,0.0015806111696522655,0.006224066390041493
694,DB01118,33797,1320,1494,884,0.0390567210107406,0.5917001338688086
695,DB01119,13,0,5,0,0.0,0.0
696,DB01126,1454,0,135,0,0.0,0.0
697,DB01127,0,0,0,0,,
698,DB01128,741,0,73,0,0.0,0.0
699,DB01129,306,0,61,0,0.0,0.0
700,DB01130,0,0,0,0,,
701,DB01131,1026,0,442,0,0.0,0.0
702,DB01132,4895,23,878,23,0.004698672114402451,0.02619589977220957
703,DB01136,98435,8169,6072,3594,0.08298877431807793,0.591897233201581
704,DB01137,10215,168,1888,146,0.01644640234948605,0.07733050847457627
705,DB01140,9894,1,432,1,0.00010107135637760258,0.0023148148148148147
706,DB01141,6712,0,274,0,0.0,0.0
707,DB01142,3632,117,402,95,0.0322136563876652,0.236318407960199
708,DB01148,85,0,5,0,0.0,0.0
709,DB01149,63,2,5,2,0.031746031746031744,0.4
710,DB01150,13,0,7,0,0.0,0.0
711,DB01151,179,5,49,5,0.027932960893854747,0.10204081632653061
712,DB01156,44500,17,5600,17,0.00038202247191011237,0.0030357142857142857
713,DB01161,88,0,8,0,0.0,0.0
714,DB01162,4220,2,384,2,0.00047393364928909954,0.005208333333333333
715,DB01164,137936,0,9941,0,0.0,0.0
716,DB01165,0,0,0,0,,
717,DB01166,2968,47,219,40,0.015835579514824796,0.182648401826484
718,DB01167,734,92,76,33,0.12534059945504086,0.4342105263157895
719,DB01168,16,0,1,0,0.0,0.0
720,DB01169,94,0,4,0,0.0,0.0
721,DB01173,566,1,145,1,0.0017667844522968198,0.006896551724137931
722,DB01174,3105,139,235,90,0.044766505636070854,0.3829787234042553
723,DB01175,44203,1542,5857,1276,0.03488451010112436,0.21785897217005293
724,DB01177,272,0,16,0,0.0,0.0
725,DB01179,0,0,0,0,,
726,DB01181,429,1,24,1,0.002331002331002331,0.041666666666666664
727,DB01182,799,47,71,39,0.058823529411764705,0.5492957746478874
728,DB01183,23756,0,1929,0,0.0,0.0
729,DB01189,176,0,23,0,0.0,0.0
730,DB01190,60289,1417,6374,1019,0.023503458342317835,0.15986821462190148
731,DB01192,582,0,54,0,0.0,0.0
732,DB01193,257,9,26,6,0.03501945525291829,0.23076923076923078
733,DB01194,0,0,0,0,,
734,DB01195,2473,18,217,18,0.007278608976951072,0.08294930875576037
735,DB01197,2276,37,149,36,0.01625659050966608,0.24161073825503357
736,DB01200,267,0,30,0,0.0,0.0
737,DB01202,48864,49,3202,49,0.0010027832351015061,0.015302935665209244
738,DB01203,1164,49,137,34,0.04209621993127148,0.24817518248175183
739,DB01204,128,0,10,0,0.0,0.0
740,DB01205,1982,0,153,0,0.0,0.0
741,DB01206,14,0,1,0,0.0,0.0
742,DB01210,0,0,0,0,,
743,DB01211,3021,137,756,106,0.04534922211188348,0.1402116402116402
744,DB01212,115095,528,11845,511,0.004587514661801121,0.04314056563951034
745,DB01213,143,0,12,0,0.0,0.0
746,DB01216,12107,0,1038,0,0.0,0.0
747,DB01217,4025,0,469,0,0.0,0.0
748,DB01219,783,0,40,0,0.0,0.0
749,DB01220,13157,0,609,0,0.0,0.0
750,DB01221,48274,5,4407,5,0.00010357542362348262,0.0011345586566825505
751,DB01222,44114,3,3719,3,6.800562179806864e-05,0.0008066684592632429
752,DB01223,1454,6,210,6,0.0041265474552957355,0.02857142857142857
753,DB01224,34147,138,2458,131,0.004041350631094971,0.053295362082994305
754,DB01225,310456,0,16951,0,0.0,0.0
755,DB01226,412,8,49,8,0.019417475728155338,0.16326530612244897
756,DB01229,2784,41,243,37,0.014727011494252873,0.1522633744855967
757,DB01232,6,0,1,0,0.0,0.0
758,DB01233,98148,1409,7342,1396,0.014355870725842605,0.19013892672296376
759,DB01234,301962,6116,27715,5533,0.020254204171385803,0.19963918455709903
760,DB01235,7529,21,627,17,0.0027892150351972373,0.02711323763955343
761,DB01236,1399,0,232,0,0.0,0.0
762,DB01238,12476,9,1440,9,0.0007213850593138826,0.00625
763,DB01240,1041,0,41,0,0.0,0.0
764,DB01241,2820,120,273,99,0.0425531914893617,0.3626373626373626
765,DB01242,196,11,31,6,0.05612244897959184,0.1935483870967742
766,DB01248,1075,2,117,2,0.0018604651162790699,0.017094017094017096
767,DB01254,75,2,11,2,0.02666666666666667,0.18181818181818182
768,DB01255,3772,0,1021,0,0.0,0.0
769,DB01256,0,0,0,0,,
770,DB01257,87,0,6,0,0.0,0.0
771,DB01258,281,0,28,0,0.0,0.0
772,DB01259,1,0,1,0,0.0,0.0
773,DB01260,0,0,0,0,,
774,DB01261,12717,0,1851,0,0.0,0.0
775,DB01262,53,0,7,0,0.0,0.0
776,DB01263,622,0,29,0,0.0,0.0
777,DB01264,3633,76,304,69,0.020919350399119185,0.22697368421052633
778,DB01267,1853,0,290,0,0.0,0.0
779,DB01268,23,0,4,0,0.0,0.0
780,DB01269,206,0,16,0,0.0,0.0
781,DB01271,12,0,2,0,0.0,0.0
782,DB01272,7,0,2,0,0.0,0.0
783,DB01273,6873,0,1373,0,0.0,0.0
784,DB01274,2254,0,118,0,0.0,0.0
785,DB01275,67905,1383,4388,1379,0.020366688756350785,0.3142661804922516
786,DB01276,1476,0,225,0,0.0,0.0
787,DB01278,24,0,9,0,0.0,0.0
788,DB01279,6,0,1,0,0.0,0.0
789,DB01280,11,0,1,0,0.0,0.0
790,DB01281,252,0,60,0,0.0,0.0
791,DB01284,3209,1,294,1,0.0003116235587410408,0.003401360544217687
792,DB01285,58,0,7,0,0.0,0.0
793,DB01291,32,1,2,1,0.03125,0.5
794,DB01306,16826,647,2077,522,0.03845239510281707,0.2513240250361098
795,DB01307,19604,747,1411,578,0.03810446847582126,0.40963855421686746
796,DB01309,2699,88,325,77,0.03260466839570211,0.23692307692307693
797,DB01319,11,0,2,0,0.0,0.0
798,DB01320,2238,339,154,133,0.15147453083109919,0.8636363636363636
799,DB01327,320106,468,21246,468,0.0014620157072969579,0.02202767579779723
800,DB01330,19,0,1,0,0.0,0.0
801,DB01331,29005,74,1840,72,0.002551284261334253,0.0391304347826087
802,DB01337,18,0,1,0,0.0,0.0
803,DB01339,4341,29,248,29,0.0066804883667357755,0.11693548387096774
804,DB01344,9801,37,643,36,0.003775124987246199,0.05598755832037325
805,DB01356,3064,209,367,140,0.06821148825065274,0.3814713896457766
806,DB01357,27,0,11,0,0.0,0.0
807,DB01362,2309,2,309,2,0.0008661758336942399,0.006472491909385114
808,DB01364,147184,178,9600,177,0.0012093705837591042,0.0184375
809,DB01367,272,21,37,14,0.07720588235294118,0.3783783783783784
810,DB01369,17,0,2,0,0.0,0.0
811,DB01373,63140,1320,5144,1129,0.020905923344947737,0.21947900466562986
812,DB01377,39778,354,2665,317,0.008899391623510482,0.11894934333958725
813,DB01380,23,1,7,1,0.043478260869565216,0.14285714285714285
814,DB01390,57371,15,3479,15,0.0002614561363755207,0.004311583788444955
815,DB01394,9249,290,979,275,0.03135474105308682,0.2808988764044944
816,DB01395,1754,4,850,4,0.002280501710376283,0.004705882352941176
817,DB01397,6,0,2,0,0.0,0.0
818,DB01399,141,7,11,5,0.04964539007092199,0.45454545454545453
819,DB01400,89919,3815,5326,3589,0.042427073254818225,0.6738640630867443
820,DB01402,1626,127,235,100,0.07810578105781057,0.425531914893617
821,DB01406,150,0,10,0,0.0,0.0
822,DB01409,38741,2,2618,2,5.162489352365711e-05,0.0007639419404125286
823,DB01410,95,0,21,0,0.0,0.0
824,DB01413,53575,3,2645,3,5.5996266915538964e-05,0.0011342155009451795
825,DB01416,4993,0,479,0,0.0,0.0
826,DB01421,32,0,4,0,0.0,0.0
827,DB01432,3631,107,312,87,0.029468465987331313,0.27884615384615385
828,DB01438,19217,0,2580,0,0.0,0.0
829,DB01495,411,0,99,0,0.0,0.0
830,DB01563,607,0,55,0,0.0,0.0
831,DB01576,11546,164,3273,163,0.01420405335181015,0.049801405438435684
832,DB01577,2,0,2,0,0.0,0.0
833,DB01586,3859,14,292,14,0.003627882871210158,0.04794520547945205
834,DB01590,76,0,18,0,0.0,0.0
835,DB01591,1780,2,303,2,0.0011235955056179776,0.006600660066006601
836,DB01592,10189,194,721,167,0.01904014132888409,0.231622746185853
837,DB01597,16,0,1,0,0.0,0.0
838,DB01598,16,0,1,0,0.0,0.0
839,DB01601,96,5,11,5,0.052083333333333336,0.45454545454545453
840,DB01606,126443,455,6096,453,0.003598459384861163,0.07431102362204725
841,DB01609,184,0,24,0,0.0,0.0
842,DB01610,6869,175,208,153,0.02547677973504149,0.7355769230769231
843,DB01611,11656,152,1102,151,0.013040494166094716,0.13702359346642468
844,DB01612,19,0,2,0,0.0,0.0
845,DB01623,95,1,10,1,0.010526315789473684,0.1
846,DB01638,9256,0,573,0,0.0,0.0
847,DB01656,2238,0,107,0,0.0,0.0
848,DB01708,440,0,100,0,0.0,0.0
849,DB01764,17,0,2,0,0.0,0.0
850,DB02300,0,0,0,0,,
851,DB02701,143,0,23,0,0.0,0.0
852,DB03128,0,0,0,0,,
853,DB03166,0,0,0,0,,
854,DB03255,1,0,1,0,0.0,0.0
855,DB03793,273,0,27,0,0.0,0.0
856,DB03843,0,0,0,0,,
857,DB03904,0,0,0,0,,
858,DB04272,2969,0,259,0,0.0,0.0
859,DB04398,107813,0,8705,0,0.0,0.0
860,DB04572,156,0,11,0,0.0,0.0
861,DB04574,99,0,14,0,0.0,0.0
862,DB04835,163,0,16,0,0.0,0.0
863,DB04844,78,0,9,0,0.0,0.0
864,DB04845,12,0,1,0,0.0,0.0
865,DB04854,1444,0,133,0,0.0,0.0
866,DB04855,792,0,50,0,0.0,0.0
867,DB04861,2041,0,413,0,0.0,0.0
868,DB04868,29,0,8,0,0.0,0.0
869,DB04890,0,0,0,0,,
870,DB04895,0,0,0,0,,
871,DB04896,983,0,93,0,0.0,0.0
872,DB04899,17,0,1,0,0.0,0.0
873,DB04930,0,0,0,0,,
874,DB04932,37,0,1,0,0.0,0.0
875,DB04946,41,0,8,0,0.0,0.0
876,DB05039,16,0,2,0,0.0,0.0
877,DB05109,140,0,17,0,0.0,0.0
878,DB05245,0,0,0,0,,
879,DB05259,500,0,73,0,0.0,0.0
880,DB05271,269,0,24,0,0.0,0.0
881,DB05311,16,0,1,0,0.0,0.0
882,DB05332,454,0,27,0,0.0,0.0
883,DB05351,2358,0,381,0,0.0,0.0
884,DB05382,371,0,45,0,0.0,0.0
885,DB05541,139,0,12,0,0.0,0.0
886,DB05578,128,0,13,0,0.0,0.0
887,DB05679,392,0,82,0,0.0,0.0
888,DB05773,101,0,12,0,0.0,0.0
889,DB05812,245,0,34,0,0.0,0.0
890,DB05889,22,0,1,0,0.0,0.0
891,DB06014,3,0,1,0,0.0,0.0
892,DB06016,375,0,63,0,0.0,0.0
893,DB06043,155,0,13,0,0.0,0.0
894,DB06151,5646,0,329,0,0.0,0.0
895,DB06168,3,0,1,0,0.0,0.0
896,DB06176,6,0,1,0,0.0,0.0
897,DB06186,130,0,22,0,0.0,0.0
898,DB06196,39,0,5,0,0.0,0.0
899,DB06201,697,0,47,0,0.0,0.0
900,DB06203,401,0,47,0,0.0,0.0
901,DB06204,446,0,46,0,0.0,0.0
902,DB06206,63251,0,3947,0,0.0,0.0
903,DB06207,198,0,42,0,0.0,0.0
904,DB06209,4613,0,303,0,0.0,0.0
905,DB06210,215,0,15,0,0.0,0.0
906,DB06212,124,0,6,0,0.0,0.0
907,DB06213,13081,0,2049,0,0.0,0.0
908,DB06215,869,0,224,0,0.0,0.0
909,DB06216,601,0,68,0,0.0,0.0
910,DB06218,6196,0,350,0,0.0,0.0
911,DB06219,0,0,0,0,,
912,DB06228,32786,0,2273,0,0.0,0.0
913,DB06261,90,0,16,0,0.0,0.0
914,DB06273,244,0,42,0,0.0,0.0
915,DB06274,4154,0,244,0,0.0,0.0
916,DB06282,2581,0,560,0,0.0,0.0
917,DB06283,0,0,0,0,,
918,DB06285,682,0,76,0,0.0,0.0
919,DB06287,29,0,4,0,0.0,0.0
920,DB06290,25,0,3,0,0.0,0.0
921,DB06292,920,0,209,0,0.0,0.0
922,DB06317,39,0,4,0,0.0,0.0
923,DB06335,1275,0,194,0,0.0,0.0
924,DB06366,480,0,46,0,0.0,0.0
925,DB06403,282,0,19,0,0.0,0.0
926,DB06410,3963,0,261,0,0.0,0.0
927,DB06413,734,0,118,0,0.0,0.0
928,DB06414,521,0,33,0,0.0,0.0
929,DB06441,205,0,11,0,0.0,0.0
930,DB06589,58,0,16,0,0.0,0.0
931,DB06590,87,0,4,0,0.0,0.0
932,DB06605,39095,0,2580,0,0.0,0.0
933,DB06612,125,0,22,0,0.0,0.0
934,DB06616,33,0,4,0,0.0,0.0
935,DB06626,13,0,2,0,0.0,0.0
936,DB06636,527,0,19,0,0.0,0.0
937,DB06637,156,0,20,0,0.0,0.0
938,DB06643,3093,0,547,0,0.0,0.0
939,DB06655,4424,0,766,0,0.0,0.0
940,DB06674,122,0,28,0,0.0,0.0
941,DB06681,81,0,4,0,0.0,0.0
942,DB06684,1739,0,212,0,0.0,0.0
943,DB06688,1,0,1,0,0.0,0.0
944,DB06697,16,0,3,0,0.0,0.0
945,DB06699,20,0,4,0,0.0,0.0
946,DB06700,3407,0,389,0,0.0,0.0
947,DB06701,937,0,281,0,0.0,0.0
948,DB06702,282,0,44,0,0.0,0.0
949,DB06706,411,0,99,0,0.0,0.0
950,DB06708,16,0,3,0,0.0,0.0
951,DB06709,0,0,0,0,,
952,DB06710,198,0,42,0,0.0,0.0
953,DB06711,0,0,0,0,,
954,DB06713,788,0,358,0,0.0,0.0
955,DB06715,505,0,58,0,0.0,0.0
956,DB06717,4481,0,384,0,0.0,0.0
957,DB06720,7,0,1,0,0.0,0.0
958,DB06723,11692,0,1398,0,0.0,0.0
959,DB06724,37882,0,3087,0,0.0,0.0
960,DB06756,40,0,5,0,0.0,0.0
961,DB06760,14,0,1,0,0.0,0.0
962,DB06761,1257,0,231,0,0.0,0.0
963,DB06764,4,0,1,0,0.0,0.0
964,DB06766,57,0,8,0,0.0,0.0
965,DB06767,23,0,3,0,0.0,0.0
966,DB06769,398,0,30,0,0.0,0.0
967,DB06771,0,0,0,0,,
968,DB06772,79,0,7,0,0.0,0.0
969,DB06778,10,0,3,0,0.0,0.0
970,DB06779,11,0,2,0,0.0,0.0
971,DB06786,0,0,0,0,,
972,DB06788,2,0,1,0,0.0,0.0
973,DB06791,61,0,12,0,0.0,0.0
974,DB06792,768,0,36,0,0.0,0.0
975,DB06794,0,0,0,0,,
976,DB06795,0,0,0,0,,
977,DB06799,354,0,49,0,0.0,0.0
978,DB06800,9708,0,467,0,0.0,0.0
979,DB06802,0,0,0,0,,
980,DB06809,183,0,30,0,0.0,0.0
981,DB06812,0,0,0,0,,
982,DB06813,12,0,1,0,0.0,0.0
983,DB06817,2202,0,194,0,0.0,0.0
984,DB06819,62,0,3,0,0.0,0.0
985,DB06823,35,0,6,0,0.0,0.0
986,DB06824,0,0,0,0,,
987,DB06825,24,0,5,0,0.0,0.0
988,DB08815,3404,0,356,0,0.0,0.0
989,DB08816,14538,0,822,0,0.0,0.0
990,DB08818,77,0,28,0,0.0,0.0
991,DB08819,0,0,0,0,,
992,DB08820,137,0,21,0,0.0,0.0
993,DB08822,46,0,12,0,0.0,0.0
994,DB08823,0,0,0,0,,
995,DB08827,21,0,2,0,0.0,0.0
996,DB08860,629,0,89,0,0.0,0.0
997,DB08864,785,0,118,0,0.0,0.0
998,DB08865,113,0,9,0,0.0,0.0
999,DB08868,174,0,18,0,0.0,0.0
1000,DB08870,51,0,6,0,0.0,0.0
1001,DB08871,80,0,11,0,0.0,0.0
1002,DB08874,219,0,18,0,0.0,0.0
1003,DB08877,162,0,16,0,0.0,0.0
1004,DB08879,50,0,12,0,0.0,0.0
1005,DB08881,0,0,0,0,,
1006,DB08882,2699,0,370,0,0.0,0.0
1007,DB08883,126,0,6,0,0.0,0.0
1008,DB08885,10,0,1,0,0.0,0.0
1009,DB08886,79,0,7,0,0.0,0.0
1010,DB08889,447,0,39,0,0.0,0.0
1011,DB08890,6709,0,613,0,0.0,0.0
1012,DB08893,3485,0,475,0,0.0,0.0
1013,DB08897,254,0,25,0,0.0,0.0
1014,DB08899,199,0,31,0,0.0,0.0
1015,DB08904,186,0,52,0,0.0,0.0
1016,DB08907,1536,0,284,0,0.0,0.0
1017,DB08908,330,0,49,0,0.0,0.0
1018,DB08909,24,0,4,0,0.0,0.0
1019,DB08910,356,0,32,0,0.0,0.0
1020,DB08916,25,0,5,0,0.0,0.0
1021,DB08917,859,0,294,0,0.0,0.0
1022,DB08918,204,0,33,0,0.0,0.0
1023,DB08930,5141,0,611,0,0.0,0.0
1024,DB08931,73,0,8,0,0.0,0.0
1025,DB08932,220,0,10,0,0.0,0.0
1026,DB08934,791,0,174,0,0.0,0.0
1027,DB08947,12001,0,709,0,0.0,0.0
1028,DB09020,60161,0,3947,0,0.0,0.0
1029,DB09027,482,0,120,0,0.0,0.0
1030,DB09033,316,0,79,0,0.0,0.0
1031,DB09035,863,0,126,0,0.0,0.0
1032,DB09037,814,0,95,0,0.0,0.0
1033,DB09038,2556,0,564,0,0.0,0.0
1034,DB09049,922,0,79,0,0.0,0.0
1035,DB09050,481,0,13,0,0.0,0.0
1036,DB09052,86,0,6,0,0.0,0.0
1037,DB09053,120,0,17,0,0.0,0.0
1038,DB09060,311,0,10,0,0.0,0.0
1039,DB09065,5257,0,680,0,0.0,0.0
1040,DB09068,2233,0,342,0,0.0,0.0
1041,DB09074,43,0,10,0,0.0,0.0
1042,DB09075,175,0,16,0,0.0,0.0
1043,DB09076,10340,0,921,0,0.0,0.0
1044,DB09077,38,0,2,0,0.0,0.0
1045,DB09080,1363,0,211,0,0.0,0.0
1046,DB09082,59556,0,3598,0,0.0,0.0
1047,DB09083,343,0,30,0,0.0,0.0
1048,DB09085,133,0,14,0,0.0,0.0
1049,DB09096,0,0,0,0,,
1050,DB09100,2507,0,380,0,0.0,0.0
1051,DB09101,3585,0,517,0,0.0,0.0
1052,DB09102,29,0,1,0,0.0,0.0
1053,DB09104,32902,0,2749,0,0.0,0.0
1054,DB09106,1224,0,126,0,0.0,0.0
1055,DB09110,1369,0,75,0,0.0,0.0
1056,DB09112,13,0,1,0,0.0,0.0
1057,DB09125,967,0,141,0,0.0,0.0
1058,DB09126,102,0,37,0,0.0,0.0
1059,DB09128,426,0,84,0,0.0,0.0
1060,DB09130,1166,0,233,0,0.0,0.0
1061,DB09131,153,0,10,0,0.0,0.0
1062,DB09136,3092,0,254,0,0.0,0.0
1063,DB09142,309,0,31,0,0.0,0.0
1064,DB09145,44964,0,3998,0,0.0,0.0
1065,DB09146,2456,0,356,0,0.0,0.0
1066,DB09153,511599,0,48417,0,0.0,0.0
1067,DB09154,5121,0,340,0,0.0,0.0
1068,DB09158,0,0,0,0,,
1069,DB09208,1,0,1,0,0.0,0.0
1070,DB09222,0,0,0,0,,
1071,DB09228,92,0,8,0,0.0,0.0
1072,DB09241,5274,0,424,0,0.0,0.0
1073,DB09255,151,0,9,0,0.0,0.0
1074,DB09263,59,0,10,0,0.0,0.0
1075,DB09264,41,0,3,0,0.0,0.0
1076,DB09270,6415,0,899,0,0.0,0.0
1077,DB09278,128,0,22,0,0.0,0.0
1078,DB09281,222,0,29,0,0.0,0.0
1079,DB09287,249440,0,16768,0,0.0,0.0
1080,DB09292,2124,0,223,0,0.0,0.0
1081,DB09299,3609,0,523,0,0.0,0.0
1082,DB09301,0,0,0,0,,
1083,DB09311,2083,0,215,0,0.0,0.0
1084,DB09312,10,0,1,0,0.0,0.0
1085,DB09320,47,0,11,0,0.0,0.0
1086,DB09321,0,0,0,0,,
1087,DB09322,13843,0,838,0,0.0,0.0
1088,DB09324,37402,0,2538,0,0.0,0.0
1089,DB09325,0,0,0,0,,
1090,DB09331,316,0,25,0,0.0,0.0
1091,DB09341,65813,0,5633,0,0.0,0.0
1092,DB09345,17,0,2,0,0.0,0.0
1093,DB09353,0,0,0,0,,
1094,DB09372,0,0,0,0,,
1095,DB09374,1444,0,70,0,0.0,0.0
1096,DB09381,220,0,49,0,0.0,0.0
1097,DB09389,675,0,267,0,0.0,0.0
1098,DB09393,5,0,2,0,0.0,0.0
1099,DB09395,531,0,28,0,0.0,0.0
1100,DB09407,3647,0,361,0,0.0,0.0
1101,DB09413,57159,0,3022,0,0.0,0.0
1102,DB09422,495,0,30,0,0.0,0.0
1103,DB09449,57781,0,3635,0,0.0,0.0
1104,DB09462,8005,0,914,0,0.0,0.0
1105,DB09472,8515,0,549,0,0.0,0.0
1106,DB09481,1378,0,186,0,0.0,0.0
1107,DB09499,310,0,11,0,0.0,0.0
1108,DB09511,352,0,31,0,0.0,0.0
1109,DB09512,48172,0,5355,0,0.0,0.0
1110,DB09517,15751,0,1150,0,0.0,0.0
1111,DB09543,0,0,0,0,,
1112,DB09552,0,0,0,0,,
1113,DB09559,5,0,1,0,0.0,0.0
1114,DB09564,3997,0,654,0,0.0,0.0
1115,DB09570,82,0,20,0,0.0,0.0
1116,DB10062,0,0,0,0,,
1117,DB10300,0,0,0,0,,
1118,DB10318,0,0,0,0,,
1119,DB10429,27,0,2,0,0.0,0.0
1120,DB10583,0,0,0,0,,
1121,DB10805,0,0,0,0,,
1122,DB11050,0,0,0,0,,
1123,DB11057,9225,0,649,0,0.0,0.0
1124,DB11058,0,0,0,0,,
1125,DB11075,0,0,0,0,,
1126,DB11079,0,0,0,0,,
1127,DB11080,0,0,0,0,,
1128,DB11081,0,0,0,0,,
1129,DB11082,0,0,0,0,,
1130,DB11089,417032,0,24754,0,0.0,0.0
1131,DB11093,3202,0,363,0,0.0,0.0
1132,DB11094,63140,0,5144,0,0.0,0.0
1133,DB11097,2647,0,446,0,0.0,0.0
1134,DB11098,490,0,46,0,0.0,0.0
1135,DB11110,12868,0,1331,0,0.0,0.0
1136,DB11111,0,0,0,0,,
1137,DB11112,0,0,0,0,,
1138,DB11113,0,0,0,0,,
1139,DB11121,17,0,2,0,0.0,0.0
1140,DB11123,0,0,0,0,,
1141,DB11124,6732,0,881,0,0.0,0.0
1142,DB11126,37201,0,2291,0,0.0,0.0
1143,DB11129,0,0,0,0,,
1144,DB11130,10554,0,794,0,0.0,0.0
1145,DB11133,31362,0,4166,0,0.0,0.0
1146,DB11135,720,0,94,0,0.0,0.0
1147,DB11145,0,0,0,0,,
1148,DB11150,253,0,19,0,0.0,0.0
1149,DB11181,152,0,28,0,0.0,0.0
1150,DB11228,266,0,58,0,0.0,0.0
1151,DB11237,0,0,0,0,,
1152,DB11239,8,0,5,0,0.0,0.0
1153,DB11242,160,0,17,0,0.0,0.0
1154,DB11248,454,0,61,0,0.0,0.0
1155,DB11256,432,0,89,0,0.0,0.0
1156,DB11279,0,0,0,0,,
1157,DB11300,0,0,0,0,,
1158,DB11312,14,0,1,0,0.0,0.0
1159,DB11330,2193,0,176,0,0.0,0.0
1160,DB11360,1727,0,97,0,0.0,0.0
1161,DB11362,68,0,4,0,0.0,0.0
1162,DB11365,322321,0,15859,0,0.0,0.0
1163,DB11482,0,0,0,0,,
1164,DB11571,0,0,0,0,,
1165,DB11574,275,0,72,0,0.0,0.0
1166,DB11575,275,0,72,0,0.0,0.0
1167,DB11577,9455,0,759,0,0.0,0.0
1168,DB11581,30,0,3,0,0.0,0.0
1169,DB11595,177,0,25,0,0.0,0.0
1170,DB11596,6,0,1,0,0.0,0.0
1171,DB11597,0,0,0,0,,
1172,DB11598,476,0,28,0,0.0,0.0
1173,DB11601,2412,0,532,0,0.0,0.0
1174,DB11603,0,0,0,0,,
1175,DB11604,0,0,0,0,,
1176,DB11613,259,0,53,0,0.0,0.0
1177,DB11621,0,0,0,0,,
1178,DB11712,90,0,15,0,0.0,0.0
1179,DB11714,91,0,11,0,0.0,0.0
1180,DB11799,816,0,164,0,0.0,0.0
1181,DB11988,353,0,48,0,0.0,0.0
1182,DB12023,31,0,3,0,0.0,0.0
1183,DB12070,82,0,4,0,0.0,0.0
1184,DB12107,127,0,6,0,0.0,0.0
1185,DB12159,39,0,7,0,0.0,0.0
1186,DB12243,14,0,2,0,0.0,0.0
1187,DB12418,19,0,1,0,0.0,0.0
1188,DB12553,0,0,0,0,,
1189,DB12768,2,0,2,0,0.0,0.0
1190,DB12865,54,0,4,0,0.0,0.0
1191,DB13133,85,0,5,0,0.0,0.0
1192,DB13139,3239,0,316,0,0.0,0.0
1193,DB13142,21,0,1,0,0.0,0.0
1194,DB13147,581,0,23,0,0.0,0.0
1195,DB13161,16,0,7,0,0.0,0.0
1196,DB13231,39,0,5,0,0.0,0.0
1197,DB13257,99600,0,8190,0,0.0,0.0
1198,DB13259,0,0,0,0,,
1199,DB13293,150,0,8,0,0.0,0.0
1200,DB13359,160,0,19,0,0.0,0.0
1201,DB13446,4171,0,187,0,0.0,0.0
1202,DB13700,26894,0,1723,0,0.0,0.0
1203,DB13749,2371,0,254,0,0.0,0.0
1204,DB13761,541,0,81,0,0.0,0.0
1205,DB13873,496,0,76,0,0.0,0.0
1206,DB13885,0,0,0,0,,
1207,DB13886,79,0,4,0,0.0,0.0
1208,DB13896,5,0,2,0,0.0,0.0
1209,DB13909,69,0,6,0,0.0,0.0
1210,DB13913,9889,15,780,15,0.001516836889473152,0.019230769230769232
1211,DB13915,19,0,2,0,0.0,0.0
1212,DB14006,6,0,2,0,0.0,0.0
1213,DB14022,0,0,0,0,,
1214,DB14179,3,0,1,0,0.0,0.0
1215,DB14222,2496,0,236,0,0.0,0.0
1216,DB14443,0,0,0,0,,
1217,DB14487,0,0,0,0,,
1218,DB14488,3608,0,286,0,0.0,0.0
1219,DB14498,1791,0,202,0,0.0,0.0
1220,DB14513,5250,0,264,0,0.0,0.0
1221,DB14518,0,0,0,0,,
1222,DB14539,0,0,0,0,,
1223,DB14570,177,0,44,0,0.0,0.0
1224,DB14575,286,0,31,0,0.0,0.0
1225,DB14598,0,0,0,0,,
1226,DB14707,4,0,1,0,0.0,0.0
1227,DB14726,2337,0,188,0,0.0,0.0
